review_id,user_name,review_description,rating,thumbs_up,review_date,developer_response,developer_response_date,appVersion,language_code,country_code,has_response,year
81942ead-9d65-4b1a-8aa2-6e21ad5cf5e7,Vernalee Fortin,"Still loving it!, the best!",5,0,2024-09-03 00:23:00,Thank you. We're so happy you're still loving it and think it's the best.,,23.12.04000,en,us,1,2024
c08cf1e7-45e4-43a3-b86f-51f7809b80a3,Toki Doki,Convenient one stop app for all your passwords. Lock in with the app pw and update your other apps pws. Allows backup file to be created so that it can be used on your backup phone as well.,5,0,2024-08-19 03:32:00,"Thanks for the feedback. Glad the login and password updates across apps are working well for you, along with the backup feature.",,23.12.04000,en,us,1,2024
c8937763-e1b4-43b1-9e48-cde58be80111,CJ Cross,"Tried several password managers until I came across this one. it dies everything I need to store my passwords safely. No complications like the big name managers. I tried a bunch of those, and they were a waste of tme. And expensuve. For most people, this is all you need.",5,0,2024-07-30 08:07:00,Thank you. It's great to hear it's a convenient all-in-one solution for your passwords.,,23.12.04000,en,us,1,2024
762baf4b-9109-4b4b-a42f-2291b0486faf,Trevor Lewis,Ok thank you,5,0,2024-06-11 17:20:00,Thanks so much. We're thrilled this one finally meets all your needs for safe password storage with no complications. Appreciate you trying it!,,Unknown,en,us,1,2024
275a2d36-6d77-44ae-9d7b-8be6ad614e3f,K K,"switched phones and none of my passwords came over to new phone, very upset.",1,0,2024-05-19 19:20:00,"You have to do a backup on Google Drive / Dropbox before switching phones. Then on the new phone restore your data. If you encounter issues please contact support, we will provide assistance.
Did you mange to restore your data?",2024-05-21 23:50:00,23.12.04000,en,us,1,2024
b8a5df20-4fee-49c6-843b-3df705749740,Richard Eckersley,I like the simplicity of this app. It does what I want without complex steps. Stores basic details for all your user details in one place.,4,1,2024-05-06 04:16:00,"Thank you for your kind words! We're thrilled to hear that you appreciate the simplicity and effectiveness of our app for storing your data securely. If you have any suggestions for further improvements or features you'd like to see, please feel free to reach out to us. Your feedback is invaluable to us!",2024-05-12 13:06:00,23.12.04000,en,us,1,2024
e59f8058-e305-45c4-aad9-c0c7c619d22a,Brian McDowall,"Excellent, secure and easy to use app. Please keep unlimited saves free, watching ads are worth it and there's not too many of them. Another app which I was using now only lets you save 5 on free version, ONLY because it is made by a well known and more established cyber security company that's been around for decades on PC. I'm assuming a few other more well known ones will be doing the same but this is just as secure as any of them. Love the thumbprint login feature too for quicker access.",5,0,2024-04-27 03:44:00,"Thank you so much for your detailed feedback and positive review! We're thrilled to hear that you find our app excellent and easy to use. We understand your frustration with other apps limiting free saves, and we're committed to providing a valuable and secure experience without such restrictions. Thank you for choosing and supporting our app!",2024-05-12 13:12:00,23.12.04000,en,us,1,2024
990b1855-5596-4d35-8280-067a4c529720,Marie,"Love this App. It's simple, secure, and great especially so you can access your Password's even if you're away from Wifi.",5,0,2024-03-01 11:01:00,"Thank you. We're so happy you love the app, especially for its simplicity, security, and offline access to your passwords even without WiFi.",,23.12.04000,en,us,1,2024
9c9153a8-32b2-4fc5-9d09-f5a29390840c,Rob Fleming,good app,4,0,2024-01-03 22:41:00,Thank you. Glad you find it a good app.,,23.12.04000,en,us,1,2024
a565430f-7b7a-4151-9d85-a6f93dd8389f,D,Easy to use and great for storing passwords. Good security.,5,0,2024-01-02 21:37:00,"Thanks for the feedback. Happy it's easy to use, great for storing passwords, and offers good security.",,23.12.04000,en,us,1,2024
8f6e2b11-8ca7-4409-b09f-776fd117c070,Tammie Price,Great,5,0,2023-12-16 07:35:00,"Thank you. We appreciate the ""Great"" review!",,23.12.04000,en,us,1,2023
f4546fb2-49e7-46ba-a6ed-eeb6bb92fc77,Ms. C,Only wish the app would autopilot and details visible without clicking on edit.,4,1,2023-10-14 01:43:00,We appreciate your feedback and support. Thank you üôè,2023-10-28 12:23:00,23.09.15000,en,us,1,2023
935b494e-7bbd-4b6d-9d05-3e488eb1ed2b,saimon Telecom,Gote,5,0,2023-09-22 17:41:00,ok very goood,,Unknown,en,us,1,2023
64f6d3fc-1143-42b5-9e4f-4a98c3179153,Trustflash Cracker,üíØ‚ù§Ô∏è,5,0,2023-09-22 05:01:00,Thank you very much for your 5-star review!!! üôè,2023-10-28 12:26:00,Unknown,en,us,1,2023
c9de8ef9-20d7-4654-b214-069ea16174d6,Jenna Delena,Still I Want An Update This Is Not A Safe App Without A Recovery For Password And Email Because Sometimes They Banned Me Without Any Better Reason,1,1,2023-09-18 17:13:00,Have your issues been solved? if there is something that we can do to help you please let us know üôÇ,2023-10-28 12:30:00,23.09.15000,en,us,1,2023
6308f390-5fc7-4caa-bd2f-267f4946e4d2,Jm Inoue,Good,5,0,2023-09-03 19:26:00,We appreciate your feedback and support. Thank you üôè,2023-10-28 12:32:00,23.08.27000,en,us,1,2023
7993024e-c837-4c61-a577-affa5a57d8c5,Kyleigh Macdonald,"Great app, been using ot for a few years now and never had any issues. East to use and easy to sync passwords to each device.",5,0,2023-08-25 02:37:00,"We're always working hard to improve the app. Thanks for your download and feedback.
",2023-08-25 09:12:00,23.02.25000,en,us,1,2023
1f439183-a0f3-40bd-ae69-a76ff1e879ff,Rhum ‚ÄúEMjhay‚Äù Roque,Good,3,0,2023-08-08 14:37:00,Is there anything that we can do to rate us 5 stars ‚ú®. Let us know if we can help you with something üôÇ,2023-10-28 12:35:00,23.02.25000,en,us,1,2023
1d5409c3-372a-4c49-9583-301a13bb79bb,Felicia,"I've been using this app for years, and I absolutely love it. I love that we can finally send a backup to another source, so I don't have to keep downloading it and adding my passwords every time I switch phones.",5,9,2023-07-25 17:53:00,"We're always working hard to improve the app. Thanks for your download and feedback.
",2023-07-25 22:44:00,23.02.25000,en,us,1,2023
302564a8-15db-413d-a166-e9286de1efd3,Herbert Pearson,Easy to use. Great having to remember only one password. It needs to have more categories for easier queries.,4,3,2023-07-23 20:11:00,We appreciate your feedback and support. Thank you üôè,2023-10-28 12:36:00,23.02.25000,en,us,1,2023
99df5404-b4e4-4a06-aa5c-382a667d65bf,Roniel Cano,Love your appüòòüòòüòòüòò,5,0,2023-07-16 02:08:00,"Dear friend, we are really glad that you like our product. Your support and voice are very important to us.",2023-10-28 12:37:00,23.02.25000,en,us,1,2023
d311db8e-a04a-48ea-9307-91fe7c91b868,johnny ride,Faina aplica»õia. E simplƒÉ »ôi are tot ce am nevoie. Imi place cƒÉ pot sa pun icoane personalizate si ca am auto backup,5,0,2023-07-11 13:21:00,Thank you. Glad it's simple. We'll consider personalized icons and auto-backup for future updates!,,23.02.25000,en,us,1,2023
7377d064-c17b-422a-8da3-7d42a175f289,Kenneth Dacus,Very good,5,0,2023-06-30 21:07:00,We appreciate your feedback and support. Thank you üôè,2023-10-28 12:37:00,23.02.25000,en,us,1,2023
e62c5618-3d5e-4c38-8495-710b8f948ef6,Ms. C,Great app. Nice to have: Copy and paste without edit or direct auto fill of password.,5,5,2023-06-17 13:05:00,Thank you. We're glad you like the copy-paste and direct autofill features ‚Äî makes things quick and easy!,,23.02.25000,en,us,1,2023
ae1fa209-e345-4e10-8dab-3d3c85bc3ac5,SpeakMyMind TellTheTruth,Love this application,5,0,2023-05-29 20:39:00,Thank you for your support,2023-05-29 20:50:00,18.0.0,en,us,1,2023
8eb79704-0fe1-4e0e-b15d-87a0614f6141,Marie Barajas,I downloaded this app so I wouldn't have to guess and make up one!! The very first thing I have to do with this when I open it is MAKE UP A PASSWORD!!!,1,1,2023-04-28 10:35:00,Are you still using the app? üòá Let us know how we can help üôÇ,2023-10-28 12:42:00,Unknown,en,us,1,2023
9b655e5c-ed7b-42b8-a777-b1db85a028d7,Amarjit Singh,Excellent,5,0,2023-04-22 02:21:00,We appreciate your feedback and support. Thank you üôè,2023-10-28 12:43:00,23.02.25000,en,us,1,2023
7227c565-6380-4bab-a185-9e75b175fba1,Melissa Bryant,"Been using for several years and I still love it!!! Easy to use, convenient, it's exactly what I needed one place to put all those irritating passwords that have to be changed every time I turn around. --- One app that hasn't changed in a long list of installs and uninstalled...this has stood the test of time.",5,5,2023-02-28 21:28:00,"We're always working hard to improve the app. Thanks for your download and feedback.
",2023-03-01 02:07:00,23.02.25000,en,us,1,2023
dda87238-d4c4-4463-8d31-f8f76b81edee,Sadman Shoumik Ahmed,"Hello, can you please tell me how to recover the login password...I am totally locked out as I cant login and access other passwords. Thanks great work.",5,2,2023-01-07 21:34:00,Thank you for downloading our app. We would love to help you with this issue. Please write to us at support@managerpass.com so that we can help you.,,22.12.24000,en,us,1,2023
7df89e33-4fc1-4d36-9038-c726cea4f66a,mofinela N,"Easy, user friendly & what i like the most, backup files can be saved in various ways",5,1,2023-01-02 05:50:00,Thank you so much for your review!,2023-01-03 00:29:00,Unknown,en,us,1,2023
34b63e1b-d877-422d-b642-da50984cc4cc,Mary Knauf,Great for saving password,5,0,2022-12-29 23:29:00,"We're always working hard to improve the app. Thanks for your download and feedback.
",2022-12-30 12:28:00,22.12.24000,en,us,1,2022
72bd8e04-fb56-4626-a3fc-a17e83bf5e2a,Ped Pedrick,The initial problem of downloading my backup has been resolved though had a few issues that I managed to sort So I wanted a paper print out as I want to review and change some passwords but what used to be a 6 page print out is now 28+ pages as the conversion to PDF includes all the tags several times over plus some other data it did not used to this happens on both phones so is not a phone issue. Otherwise I am impressed get this bug squashed and I will buy the full version.,3,10,2022-12-28 18:38:00,"We have fixed the issue with the PDF export. In the latest version of the app, the PDF export does not include the tags anymore. We thank you for your feedback and support.",2023-01-09 00:16:00,22.12.24000,en,us,1,2022
5f06fefc-907d-4294-994d-bceed8c7c2e0,Rach,Super useful! Not a single complain at all.,5,0,2022-12-27 11:19:00,Thank you for your support,2022-12-28 18:40:00,22.12.18000,en,us,1,2022
6822fb8c-3a28-4a64-ab5f-d0923c0626aa,Denise Ralls-Gaines,Great,5,0,2022-12-19 00:59:00,"We're always working hard to improve the app. Thanks for your download and feedback.
",2022-12-21 12:53:00,22.11.23001,en,us,1,2022
64c3ce2e-ea60-4b23-ac4e-dd9a43035c12,Virginia Whitehead,Really useful,5,0,2022-12-09 16:09:00,"We're always working hard to improve the app. Thanks for your download and feedback.
",2022-12-10 16:27:00,22.11.23001,en,us,1,2022
f15534a2-1576-413c-b144-45596bc4feac,Amy Norred,Fantastic!,5,0,2022-12-08 21:48:00,Glad you like it! :),2022-12-10 16:27:00,22.11.23001,en,us,1,2022
7d64e4c2-e730-4976-b0ae-2555d64c6f38,Gloria Dixon,"The update threw me for a loop, but otherwise this app is a lifesaver.",5,0,2022-12-08 18:55:00,Thank you. We're sorry the update caught you off guard ‚Äî we'll work to make future changes smoother. Really glad the app is still a lifesaver for you!,,22.11.23001,en,us,1,2022
33ac1dee-a328-4f0c-adc2-7a7ee7d3afe5,delia alonso,Do not install this app no support won't even respond to texts installed password option to manager pass it has locked me out after first time using that feature It seems I am stocked Writing this in hope someone sees it and maybe I get help Just discovered have no option to send this review,1,1,2022-12-07 20:05:00,Have your issues been solved? If the experience with our app has improved can you rate us 5 stars ‚ú® it will mean the world to us. Thank you üôè,2023-10-28 13:02:00,22.11.23001,en,us,1,2022
be9ecb47-83c9-4687-bd97-b406e27c02b0,Kimberly Langston,I love this ap. All of my passwords in one place.,4,0,2022-12-05 03:02:00,"We're always working hard to improve the app. Thanks for your download and feedback.
",2022-12-05 21:12:00,22.11.23001,en,us,1,2022
63f04896-4657-4886-8cc0-e87dbe527c84,Martyn Lea,This app lost all my stored passwords one day it was fi e the next nothing.....,1,0,2022-12-02 18:34:00,"Have your issues been solved üòû? if there is something that we can do to help you please let us know üôÇ
It will mean the world to us if you give us 5 stars, üòá of course if the experience with our app has improved.
Thank you üôè and we are sorry again for the inconvenience that we have caused üôè",2023-10-28 13:05:00,22.11.23001,en,us,1,2022
0b0a1256-eb5c-4c48-9bf1-da2e07ad827c,B. Zhang,I like it!,5,0,2022-09-26 21:38:00,super,2023-10-28 13:07:00,18.0.0,en,us,1,2022
5871a746-5c13-47e8-a3aa-12d7d92d971e,V,EDIT Used for years but now won't back up and no response from reports üò° Brilliant app... nice clear appearance. Love it that can match icons and make own categories. So useful to have to hand. Thank you xx,2,3,2022-05-31 20:20:00,All issue have been fixed. Please give it another try. If the experience with our app has improved please give us 5 stars ü§© it will men the world to us. Thank you üôè,2023-10-28 13:12:00,18.0.0,en,us,1,2022
72085cd9-d0c1-4205-883a-6e9f829e7661,Onja AmpK,"This is a ""Very Good"" appt for password storage. I use it quite frequent.",5,0,2022-04-07 21:51:00,Thank you. We're glad you find it very good for password storage and that you use it quite frequently!,2023-10-28 13:13:00,18.0.0,en,us,1,2022
201ced7f-6328-44b2-b2ab-cbc8a2d5fd61,Sandra P Rogers (LadySas),Nice app. Wish I could share the data with my other devices,3,0,2022-04-03 21:51:00,All issue have been fixed. Please give it another try. If the experience with our app has improved please give us 5 stars ü§© it will men the world to us. Thank you üôè,2023-10-28 13:14:00,18.0.0,en,us,1,2022
21dd881e-6890-4647-9f68-cb6933a87dd0,Jason Mendoza,I just started using this app so I'm not going to give it 5 stars yet . But let's see hopefully this one will work out. JMM,3,0,2022-02-25 05:02:00,"Hi, let us know what we can improve to create a better experience for you! If you like our app please give us 5 stars üåü it will help us very much. Thank you üôè",2023-10-28 13:15:00,18.0.0,en,us,1,2022
19c504aa-9098-44bc-8f80-a2465f4d7b5b,Willie bennett,Great,5,0,2022-02-18 20:49:00,Thank you. We're so happy you're still loving it and think it's the best.,2023-10-28 13:18:00,18.0.0,en,us,1,2022
c1d37bc3-73cb-436b-9283-8640b007f336,Dally Natividad,Thank you so much ‚ù§Ô∏è have a great day,5,1,2022-01-27 21:51:00,"Thanks for the feedback. Glad the login and password updates across apps are working well for you, along with the backup feature.",2023-10-28 13:19:00,Unknown,en,us,1,2022
a812dd8a-9291-4034-a40f-228cf324b6b1,Ranger 13,Okay so far!üá∫üá∏üá∫üá∏ future now greatest thing I've seen üôå üëè/saved me!!!üá∫üá∏üá∫üá∏üêï‚Äçü¶∫,5,0,2022-01-03 20:10:00,Thank you. It's great to hear it's a convenient all-in-one solution for your passwords.,2023-10-28 13:19:00,Unknown,en,us,1,2022
7fd56238-57fa-460b-9bb9-959dc79e38dd,Dave Ricard,. No way to import passwords.,2,0,2021-10-02 19:15:00,We have a new version which we think you are going to like it. Please give it another try. Thank you üôè,2023-10-28 13:20:00,18.0.0,en,us,1,2021
3348781b-ed1c-447c-8fe0-3f887ec2c5b3,Ankit Malviya,Saves my all password with just 1 password. I'm using it from a year ago and it's still super useful.,5,6,2021-08-02 10:19:00,Thank you. We're glad it saves all your passwords with just one master password and has been super useful for you over the past year.,,18.0.0,en,us,1,2021
b4a97964-5ec6-48ee-8069-ea69aa952ae8,michelle brereton,Great app I have used it for years and thankful it does the job well,5,1,2021-04-17 11:35:00,Thank you. It's great to hear you've been using the app for years and that it still does the job well. We appreciate your continued support.,,18.0.0,en,us,1,2021
1f452402-1ff3-45e3-a9a2-b9c09e8b5a87,Isabelle Baelde,üëå,5,0,2021-02-26 07:06:00,ok thanks,,18.0.0,en,us,1,2021
3cba1e68-0ec7-4b25-8fee-0a6631316bf4,Irina Penes,"Very good application, easy to use",5,1,2021-01-02 17:13:00,great!,,18.0.0,en,us,1,2021
cc890337-30b6-4c55-997d-0f39a33fb32c,Sid Elias,"Warning do not install. If you ever want to change your phone. App developers are not responding , leaving feedback/issues through the app does not work and backing up or restoring of data is no longer supported",1,19,2020-11-18 17:15:00,We are very sorry for the issues that you had with the app. We have a new version which we think you are going to like it. Please give it another try. Thank you üôè. Also if you give us 5 stars it will mean the world to us. üòá,2023-10-28 13:24:00,18.0.0,en,us,1,2020
a4f9cf73-88de-426a-93ca-6aa6c353906c,LJ Hooker Colyton St Clair,"Hi wont restore from my google drive Says "" password manager requires one or more google play services that are not currently available. Please contact the developer for assistance"" I've never had this issue before. Please help, when I try to get help says no internet connection",1,7,2020-11-16 16:25:00,We are very sorry for the issues that you had with the app. We have a new version which we think you are going to like it. Please give it another try. Thank you üôè. Also if you give us 5 stars it will mean the world to us. üòá,2023-10-28 13:25:00,Unknown,en,us,1,2020
d0b23a55-db9a-45b4-96f7-176c10288823,Kabir Hossain,Good,4,0,2020-09-17 23:58:00,Thanks for the suggestion! We're always working on new updates and improvements. Stay tuned!,2024-05-20 22:45:00,18.0.0,en,us,1,2020
3a4b58d5-7fe3-47d0-a155-611a9ebf7560,Pong Raksa,Update App please.,5,0,2020-09-16 06:15:00,Thank you! We're so glad the app is helping you.,2024-05-19 15:12:00,18.0.0,en,us,1,2020
35594743-0b65-4e55-842e-3e2e32e86ac2,Kimberly Carr,Very helpful app,5,0,2020-09-06 03:46:00,Awesome to hear! We kept the setup simple on purpose. Thanks for loving it ,2024-05-17 11:37:00,18.0.0,en,us,1,2020
88b34d21-c249-49c2-9297-8fbafc6887f9,A Google user,I love this app! It's so easy to use & no complex icons in the password setup features. Still loving it.,5,3,2020-08-19 02:33:00,No Response,2024-05-15 09:58:00,18.0.0,en,us,0,2020
17c9797d-ef6a-424c-8665-a986a9b0e112,Abc Pqr,"I'm having problem to backup all passwords to Google drive. Error message says: password manager requires one or more Google play services. Please contact the deleveloper. I have backed up all passwords to my Google drive several times earlier, but now I can't. Please provide me a solution. Also I tried to use the option ""report an issue"" from the app inside, which too doesn't work saying ""something went wrong, check your internet connection"", although internet was working.",4,31,2020-08-08 01:20:00,"Sorry for the backup issue. Make sure you're signed into Google and try again. If it persists, email support with details.",2024-05-13 17:03:00,18.0.0,en,us,1,2020
2c9df9ed-439a-4bbc-91b2-149206444621,Joseph S,Simple to use and effective.,5,0,2020-07-17 16:58:00,Thanks! Simplicity and effectiveness are our main goals.,2024-10-05 14:29:00,18.0.0,en,us,1,2020
eb2aa81b-e705-4737-8a29-3966c9302df7,Brandi Howay,Best password app yet!,4,0,2020-06-08 16:41:00,Great to know it's working well for you. Thank you!,2024-08-05 12:16:00,18.0.0,en,us,1,2020
cf24cfe6-6fa0-4b15-84e2-be241ef0a553,Jarrett Yap,Works well,5,0,2020-05-04 04:40:00,"Wow, thank you! That means a lot to us.",2023-10-29 13:42:00,18.0.0,en,us,1,2020
ed42d5d7-4ec3-42e6-bde1-1a26b540fa14,alejandro_m_2004 ,"Great app, easy to use",5,0,2020-04-02 08:43:00,Glad to hear it! Thanks for the feedback.,2023-10-28 13:39:00,18.0.0,en,us,1,2020
1c738eed-dbcc-474a-b8e2-1e50afa6ee3d,beatriz_silva ,Easy,5,0,2020-03-18 15:26:00,Thanks so much! Easy to use is exactly what we aimed for.,2023-10-28 13:36:00,18.0.0,en,us,1,2020
a9ac33b8-1a1b-41c6-902f-7c03593047fc,carlos_eduardo95 ,I keeps me in order. I love it and have recommend that my daughter use it.,5,2,2020-03-18 00:00:00,That's wonderful! So happy it's helping you and your daughter. Thanks for recommending it!,2023-10-28 13:34:00,18.0.0,en,us,1,2020
b3ceb31f-2b9e-48a8-819f-c5f19909f6c4,daniela_perez22 ,Great app for keeping track of the many password changes to the different apps,5,0,2020-03-12 19:22:00,Short and sweet ‚Äî thanks! ,2023-10-28 13:31:00,18.0.0,en,us,1,2020
7252195c-b0c0-4764-acc1-1e35b4b7576b,eduardo_vargas10 ,This app has been a life saver. Having so many passwords to keep up with can be difficult but this app allows me to keep all of them in one spot.,4,7,2020-02-20 18:43:00,No Response,2023-10-28 13:28:00,Unknown,en,us,0,2020
687e4935-93ba-454e-bac0-442b188c63b4,fabiola_rios ,I love it,5,0,2020-01-08 23:01:00,Exactly what it's made for! Thanks for the kind words.,2023-10-28 13:25:00,18.0.0,en,us,1,2020
3a81dd9c-36b1-473b-8703-f28fe6efffd2,gabriel_martin ,Great app!,5,0,2020-01-04 07:34:00,We're thrilled it's a life saver for you. Thank you!,2023-10-28 13:22:00,18.0.0,en,us,1,2020
a8d8574a-dd23-4b32-b58e-5a11c2e0799e,hector_ortiz07 ,It easy and so fare works,5,1,2020-01-03 09:57:00,Thanks! Keeping it easy is our priority.,2023-10-28 13:19:00,18.0.0,en,us,1,2020
76c8e3e3-fec7-4390-be5b-85415075b003,isabel_cordero ,Very good apps,4,0,2019-12-30 16:29:00,Appreciate it! Glad it's working well so far.,2023-10-28 13:16:00,18.0.0,en,us,1,2019
9a17a977-d1cb-49d9-bd48-1ad57cc37444,javier_1999 ,Just the best,5,0,2019-12-17 16:41:00,Thank you very much!,2023-10-28 13:13:00,18.0.0,en,us,1,2019
7aada3e2-a836-421a-9e09-412bc195a055,karina_mendoza ,Love this app!!! Just don't forget your password!! It's so well protected your the only one who can open your information .,5,5,2019-12-06 22:05:00,"Haha, exactly! Security first. Thanks for the love!",2023-10-28 13:10:00,18.0.0,en,us,1,2019
0e38226c-ba5c-4e2e-93fa-b03d519e872c,luis_fernando88 ,good,5,0,2019-11-16 06:29:00,Thanks a lot! ,2023-10-27 12:57:00,18.0.0,en,us,1,2019
ffa16d3e-a6ff-4c89-b95c-f0d2b05ed4b1,monica_herrera ,Excellent app.,5,0,2019-09-29 13:30:00,Thank you. We're thrilled you find it excellent!,2023-10-25 20:41:00,18.0.0,en,us,1,2019
42322da2-d48f-454c-b66a-f210a56f12a9,nicolas_23 ,The best password manager I've used so far üòä,5,1,2019-08-21 18:43:00,That makes our day! Thank you!,2023-10-23 18:14:00,18.0.0,en,us,1,2019
51bc3f3e-a922-4f65-99d5-dee38215ee26,olivia_castro ,Easy to use. Great off-line app.,4,2,2019-06-20 23:12:00,Thank you! We appreciate it.,2023-10-21 16:09:00,18.0.0,en,us,1,2019
25c383ef-cf3f-4ecb-a870-e5bd89e32d35,pablo_soto ,Keeps me organized and avoids pulling my hair out! Recommended by an IT friend.,5,2,2019-06-01 05:16:00,Offline functionality is key ‚Äî glad you like it!,2023-10-19 13:55:00,18.0.0,en,us,1,2019
330ab77c-e04f-4fe4-8a75-cab017309212,quintana_ana ,Awesome,5,3,2019-06-01 03:13:00,"Haha, no more hair-pulling! Thanks for the recommendation and the kind words.",2023-10-16 11:22:00,18.0.0,en,us,1,2019
47aadc96-1598-439d-aba7-8b03104eadf4,ramon_garcia_ ,Has some Icons. Doesn't have MeWe Social Network icon ü§î. Secure. I'm happy üòä.,5,2,2019-04-28 13:18:00,Thank you! Means a lot.,2023-10-14 09:48:00,18.0.0,en,us,1,2019
144014c2-8a38-4b99-859a-7b5cd13ffd6b,sofia_2002 ,good,4,1,2019-03-25 17:41:00,Thanks for the feedback on icons! We'll consider adding more in a future update. Happy you're feeling secure.,2023-11-10 07:33:00,18.0.0,en,us,1,2019
d86a4a1a-6077-48ef-accf-0675ca6a4fc7,tania_villa ,easy to use,5,2,2019-03-01 10:39:00,Thanks! We're glad it's easy to use.,2023-05-27 18:59:00,18.0.0,en,us,1,2019
5518e3a4-c32e-4a58-88ad-74b38422e827,ulises_mtz ,Convenient pw storage. Just a master pw to keep app safe. Also backup to cloud drive.,5,5,2019-01-14 07:01:00,Exactly ‚Äî master password + cloud backup keeps it secure and convenient. Thank you!,2023-05-24 16:21:00,18.0.0,en,us,1,2019
89ea1107-fec1-4b0f-b699-29827cf605fc,veronica_lopez9 ,"Secure üîê. Works perfectly. I was able to recover my data after multiple bootloader failures! The only feature I would like to have is, customizable icons - Create my own standard icons. e.g. Specific icons unique to my country.",5,11,2018-12-02 05:40:00,Awesome to hear it worked perfectly even after bootloader issues! Recovery is a big win. What feature would you like us to add next?,2023-05-21 13:47:00,Unknown,en,us,1,2018
94862be6-b778-4bae-b248-88da18f41c36,wilson_aguilar ,Easy t manage,5,2,2018-11-30 18:44:00,Thanks! Easy management is one of our top priorities. Appreciate the feedback,2023-06-01 22:18:00,18.0.0,en,us,1,2018
4aec16a3-a2ae-48d8-ac00-0667e9073c55,ximena_rios18 ,Very good app. I just need to know what happens if I loose my phone? How do get my info back in secure mode??,4,14,2018-11-26 00:21:00,"Hi Joe,

Thank you for the feedback and support. We recommend you do backup files on your Dropbox or Google Drive account. You can restore your data from those file. If you still have questions please let us know.

Kind Regards,
Support Team",2018-11-26 03:55:00,18.0.0,en,us,1,2018
e7f945c6-0658-436e-bfff-006512f6ec90,yadira_fernandez ,Great .. I use it all the time !,5,1,2018-10-18 00:43:00,Thanks so much! We're thrilled you use it all the time with no issues,2018-11-26 03:59:00,18.0.0,en,us,1,2018
7fe2eb4e-0cd8-4441-b185-641e1a397e68,zully_patino ,"Great app, easy to use. I have no issues",5,2,2018-09-10 07:21:00,"Thank you! Glad it's great, easy to use, and working well for you.",2018-11-26 03:35:00,18.0.0,en,us,1,2018
bf75e5c9-20bd-4285-a3b8-6ad43b76a83b,andrea_m_96 ,Easy to use. Previously I was able to restore my backup data multiple times due to bootloader failures on my LG-G3. This is a must for all smartphone. I've lost data so many times before. Transferring my data to my current phone was a simple and easy. Excellent job! Thank you so much...Very happy with the new feature. Fingerprint scan is very nice!,5,15,2018-08-31 00:30:00,Awesome feedback!,2018-11-26 03:56:00,18.0.0,en,us,1,2018
38b16f09-b02a-48de-87ce-fd1a389f1872,bryan_hernandez ,I really recommend this app.. it's a nice app ever that we could use.. very organized for account to keep your password and email with matching icon that reflects to the account that related to.. so useful and manageable.. its better to organized with style but simply.. I love it!!!!,5,2,2018-08-22 18:06:00,"We're glad it's been a reliable must-have for you, especially with those bootloader issues. Thanks for the strong recommendation!",2018-11-26 03:57:00,17.0.0,en,us,1,2018
de7e56af-a0c9-432b-85ab-8483a6082b3c,cecilia_ortega ,Is this app available on my laptop?,4,1,2018-08-03 17:57:00,"Thanks for asking! Yes, the app is available on laptop/desktop via our web version at [appwebsite.com] or as a browser extension. Let us know if you need help setting it up!",2018-11-26 03:50:00,17.0.0,en,us,1,2018
52632cad-7cc1-4b8e-937a-b7cfef5d838a,david_munoz21 ,"Loved the app for awhile but recently it has wiped all my passwords twice. 
You don't get a third strike with me. Uninstalling because I can't trust 
this app.",1,1,2018-08-01 00:19:00,"Hi,

Thank you for your support. Your feedback is very important to us.

We want to let you know that the issue with data being removed has been fixed. 
Also we have added fingerprint authentication.
We are very sorry for the inconveniences that we have caused and we hope that you are still using our product.

Regards,
support Team",2018-09-01 01:00:00,17.0.0,en,us,1,2018
300da08c-1821-4454-860b-a32371e9664e,elena_2000 ,"This is the easiest security app I have found. It makes storing passwords 
simple.",5,1,2018-05-02 08:51:00,Thank you! We're so glad it's the easiest security app you've found and makes password storage simple.,2024-05-18 21:09:00,17.0.0,en,us,1,2018
7521a973-70e7-47fa-b35d-bac8800e023f,francisco_rdz ,Good quality easy to set up and use,5,1,2018-03-24 04:07:00,Thanks for the feedback! Happy to hear the quality is good and setup/use is easy.,2024-05-16 16:55:00,17.0.0,en,us,1,2018
80e63126-58d4-4b1b-83a9-783e8940b47d,gloria_vazquez ,Easy to use and handy.,5,2,2018-03-13 19:48:00,Appreciate it! Easy and handy is exactly what we aimed for,2024-05-14 12:41:00,17.0.0,en,us,1,2018
9eb93dbc-7003-437e-9a40-d4c5a698aa51,hugo_contreras ,Love this app! This is my life in one little app,5,1,2018-02-24 08:13:00,"Wow, thank you! Love hearing it's become your life in one little app.",2024-12-05 10:27:00,17.0.0,en,us,1,2018
84cf5585-b258-4eb7-880e-5a891b18eb31,irene_morales ,Easy to use. Simple storage for passwords. Probably not for everyone. But perfect if you just want a single source for your passwords without all the exotic features.,5,4,2018-02-18 02:38:00,Thanks so much! Perfect for single-source password storage is our goal. Glad it fits your needs.,2023-10-30 13:48:00,17.0.0,en,us,1,2018
982ebefa-e8b8-4043-930b-1a340f344374,jesus_lopez98 ,"I tried MANY apps before I FINALLY found one that was conducive to my needs.  I am not familiar with all of the apps feature, however, I am happy with what I presently see.  I don't want an upgrade to PRO feature as the current is sufficient.  Thanks",5,6,2018-01-24 20:37:00,Great to know it works as advertised. Thanks for trying it out!,2023-10-28 13:45:00,17.0.0,en,us,1,2018
27c2dcbc-e827-49b7-83f2-39d90a206617,karen_aguirre ,The app works as advertised.,5,1,2018-01-15 08:30:00,Thank you! Thrilled you finally found one that fits your needs perfectly. Explore the features when you have time ‚Äî we're here if you need help!,2023-10-28 13:41:00,17.0.0,en,us,1,2018
78669449-84df-40c4-a65e-224a7f1811f2,leandro_15 ,Not too bad,5,1,2018-01-08 05:40:00,Thanks for the honest review! Not too bad is a win ‚Äî we're always working to make it even better.,2023-10-28 13:38:00,17.0.0,en,us,1,2018
7715fcf6-c017-4edc-8fc4-d23a9daa6999,maribel_castillo ,"Potentially a great app except for the following points which I could notice in the short period of use: 1. Does not REQUIRE an account - which means if anyone gets access to your phone, they can see your passwords! Unsecure, uhh? 2. Description doesn't give any idea about encryption of your data on the phone! 3. Sync to DropBox/GoogleDrive could be automated!",3,0,2017-12-13 22:54:00,Appreciate the feedback! We're glad the points you noticed are minor. We'll keep it great and customizable.,2023-10-28 13:35:00,Unknown,en,us,1,2017
0b8d7005-b436-4e72-86a4-1572619289e4,noemi_hernandez ,"Does what it's supposed to do, easy to use. Very customizable. Can't find any negatives. Let's hope it stays that way.",5,2,2017-11-19 00:36:00,"Thank you! So happy it's clear, easy, and perfect for saving passwords.",2023-10-28 13:32:00,17.0.0,en,us,1,2017
8a2b8c3a-d898-4c2a-adf7-764b6575afe4,oscar_2005 ,Love this app. It's so clear and easy to se each password saved.,5,3,2017-11-01 14:26:00,Thanks! Having all passwords in one place is what we love hearing.,2023-10-28 13:29:00,17.0.0,en,us,1,2017
2a3756d6-43dc-409b-aad9-9400886fcba7,paola_m_ ,Nice to have my passwords all in one place.,5,7,2017-11-01 04:56:00,Glad it's nice for you! Thanks for the kind words.,2023-10-28 13:26:00,17.0.0,en,us,1,2017
eac3fa63-3bcc-4ef4-8a22-2a64cc81229f,quique_rios ,Great app!,5,2,2017-10-21 18:30:00,"Thank you! Super happy it's great, meets your needs, and feels very useful.",2023-10-28 13:23:00,17.0.0,en,us,1,2017
e770dfcb-af28-4b19-89c6-d44a63e39934,rosa_maria07 ,Works great for my needs.,5,2,2017-09-25 06:59:00,Awesome to hear it works great for your needs. Thanks!,2023-10-26 19:17:00,16.0.2,en,us,1,2017
72f06b2d-fcfa-49b5-9685-ca587167479e,sara_velez ,Ok good app...very safe and useful,5,1,2017-09-23 01:26:00,Thanks! Knowing it's safe and has saved you many times means a lot to us.,2018-11-28 06:12:00,16.0.2,en,us,1,2017
e990717c-d0a3-48b3-abe9-87cd0a4829b7,teo_gomez ,Good app. Easy to save all my information. Have been saver many times.,5,2,2017-08-29 20:28:00,"Thank you! Glad it's a good, easy app for saving everything securely ",2018-06-09 19:44:00,16.0.2,en,us,1,2017
40667adf-3d81-4ffd-9938-626f02740aae,ursula_99 ,"I like this app, just wish there was some way to recover all my passwords I had before i changed phones. I tried to find a backup and have been unsuccessful.",4,0,2017-08-26 23:43:00,"Hi Toni,

Thank you for your feedback and support.

If you have created a backup file, be sure to connect to the same account. You can also check the existence of your backup files on your Dropbox/Google Drive account.
If the issue persist, please contact support, we will try to help you recover your data.

Kind Regards,
support Team",2017-08-27 01:33:00,Unknown,en,us,1,2017
0f0172ba-87ef-4f95-986d-7d697ca6a3a1,victor_alfaro ,Efficient and well designed,5,0,2017-08-01 01:06:00,Thank you! We're glad you find it efficient and well designed,,16.0.2,en,us,1,2017
cb67f0d3-04b8-4dbd-9676-bf3d2ce31fe7,wendy_cruz ,Good one.,5,1,2017-07-29 19:53:00,"Thanks a lot! ""Good one"" means a lot ‚Äî appreciate the support",,16.0.2,en,us,1,2017
4ad33523-692b-4155-8532-de70516be605,xavier_martin ,Loving it so far. It was easy to load all my info and I really like the look of it. I gave it a 4 though because it doesn't have an auto lock. You have to log out for it to lock up again. Would love to see this security feature added.,4,4,2017-07-23 22:38:00,"Hi Gina,

Thank you for your support and feedback.
The auto-lock option is now in development. This will be available in the next release among other new features.
We will inform you when the new release is live.

Kind Regards,
support Team",2017-07-28 01:12:00,16.0.2,en,us,1,2017
c1134f24-fbd9-437e-9721-807cf238b30f,yolanda_perez ,Good app that stores my passwords and backup to Google Drive.,4,2,2017-07-23 08:47:00,Thank you! We're so glad you like that it stores your passwords securely and backs up to Google Drive,,16.0.2,en,us,1,2017
7e28ba65-030c-4c9e-a6bb-00771e85b4d5,zoe_ortiz ,Love the app,5,1,2017-07-20 12:33:00,Thanks a lot! We love hearing that you love the app!,,16.0.2,en,us,1,2017
6236ca6d-1e3d-4b43-9425-b9e2ea8a6c40,adrian_1997 ,"When I retrieve stored information from Google drive, it becomes unrecognisable. How can it be possible to retrieve information the same as uploaded?",4,1,2017-07-19 21:06:00,"Hello,

Thank you for your feedback.
The backup files that are stored on your Google Dive account are encrypted (for security reasons). If the content of a backup file is altered, you will not be able to retrieve the data from that file.

Kind Regards,
support Team",2017-07-20 00:03:00,16.0.2,en,us,1,2017
c9cd0cd0-b63f-4831-a8ce-46cac5955754,belen_sanchez ,"While it does not auto-sync, it can store it's data on Google Drive and DropBox, so it can be accessed across all platforms. It also does lack an auto-close feature. Otherwise, a very useful app. I especially like the one click copy to clipboard, very handy! Also has a password generator, way cool! A few small tweeks, and this app would rock!",4,1,2017-07-12 16:49:00,"Hi Jay,

Thank you for your feedback and for your support.
We want to let you know that the auto lock option and the automatic backup will be available in the next release among other new features.

Kind Regards,
support Team",2017-07-28 01:15:00,16.0.2,en,us,1,2017
e87a5f5c-90e4-4143-a933-985086811b4d,cristian_v_ ,"Does what I need it to do. Would like to see some sort of auto close option for app when phone sleeps or shuts down. Other than that, good app",4,2,2017-07-06 05:54:00,"Hi Janet,

Thank you for your feedback and for your support.
We want to let you know that the auto lock option and the automatic backup will be available in the next release among other new features.
The new version is under development. We will let you know when the new features are available.

Kind Regards,
support Team",2017-07-28 01:18:00,16.0.2,en,us,1,2017
3b5c51ea-8263-4839-8626-47df3c1f69ba,diana_herrera22 ,Great to store password,4,1,2017-07-02 19:41:00,thank you! We're glad it's great for storing passwords,,16.0.2,en,us,1,2017
84e53c91-91f7-4581-800a-e07ef41bc6b6,emilio_2001 ,Awesome,5,1,2017-06-24 03:19:00,Awesome! Thanks for the kind words ‚Äî means a lot!,2024-05-15 17:08:00,16.0.2,en,us,1,2017
8d62d61f-b5a5-4c54-8e9c-1f301e8e5ab6,flor_lopez ,Very üëç nice app,4,3,2017-06-21 17:03:00,Thank you! Happy you love the UI and find it awesome,2024-05-13 13:55:00,16.0.2,en,us,1,2017
9abc95be-2575-4e7b-ade7-13b9f0d6f43d,german_mora ,It is easy to use and has a nice screen layout.,5,3,2017-06-18 21:22:00,Thanks! We worked hard on the nice screen layout ‚Äî glad you like it.,2024-11-05 08:41:00,16.0.2,en,us,1,2017
7c6d3a53-7ed0-4e51-ae5b-41b1948323ed,hilda_ferreira ,Very handy  No problems at all.,5,3,2017-06-10 22:51:00,Appreciate it! Handy and problem-free is exactly what we aim for.,2023-10-31 13:50:00,16.0.2,en,us,1,2017
d5934474-9ebd-41c5-b35a-052643ea0d78,ivan_rios09 ,"Simple and best password manager... Lovely UI and Icons... If the option to add more fields is given, then it can be used for many purposes... Keep up the good work...",5,9,2017-05-31 10:35:00,Thank you! Super easy to use with a lovely UI and icons is our goal,2023-10-28 13:47:00,16.0.2,en,us,1,2017
9c0c66ed-d7bf-4cdd-8ec8-9d599d619bee,jazmin_18 ,It is nice and very well simple to use,5,4,2017-05-24 05:55:00,"Thanks! If you'd like more custom fields, we'll consider it for future updates.",2023-10-28 13:44:00,16.0.2,en,us,1,2017
6e9bd0f5-06cc-4ee6-b127-18493c6746d7,kevin_mtz ,Good done,5,2,2017-05-19 10:13:00,"Thank you! Nice, simple, and well-designed ‚Äî glad you're enjoying it.",2023-10-28 13:40:00,16.0.2,en,us,1,2017
8032fdb9-d2cb-4547-95a5-7f6f5b7a9968,laura_fernandez ,So far so Good,5,2,2017-05-15 03:40:00,Good done? Thanks! We appreciate that,2023-10-28 13:37:00,16.0.2,en,us,1,2017
8b613100-cb0e-446e-89c0-66ef21811dc5,manuel_96 ,Super and easy,5,3,2017-04-20 21:32:00,So far so good? Awesome ‚Äî thanks for the feedback!,2023-10-28 13:34:00,10.5.3,en,us,1,2017
8f41fb4e-89bb-4cb2-a258-4179d7ebe783,natalia_vidal ,Amazing,5,0,2017-04-10 04:11:00,"Thank you! ""Amazing"" is the best compliment we can get!",2023-10-28 13:31:00,Unknown,en,us,1,2017
189fded4-5388-4d12-9fe6-bd89992d8219,omar_garcia ,Great Password Keeper! Easy to store and retrieve. Thanks so much for the work and dedication put into this app!!!,5,2,2017-03-08 10:38:00,"Wow, thank you! We're thrilled it's an amazing password keeper for you. Thanks for the appreciation!",2023-10-28 13:28:00,10.5.1,en,us,1,2017
44244801-c2c9-47ba-811b-3ef8140dbbd7,patricia_2003 ,"Great app, simple to use.",5,1,2017-02-09 00:27:00,"Thank you! Great to know it's simple, easy to use, and works well.",2023-10-27 18:22:00,10.4.1,en,us,1,2017
b8cb4951-0e2c-47f2-b5b2-cc89daeab783,rafael_m_ ,Easy to use and flexible with good choice of icons to go with the passwords,5,2,2017-02-05 13:17:00,"Thanks! Glad the app, icons, and flexibility are hitting the mark for you.",2018-11-29 07:51:00,10.5.0,en,us,1,2017
a3bf82b7-da8e-43ed-b2a4-b540a1dba49b,silvia_ortiz ,good,5,0,2017-01-11 21:55:00,Thank you! Short and sweet ‚Äî we appreciate it!,2018-05-09 18:09:00,10.3.1,en,us,1,2017
91635daa-e90e-46c9-9878-d4a3806c3c2e,tomas_1995 ,I loved this while inputting my passwords.  Very easy to use.  But I never selected a security code and closed out the app. Now I cannot regain access. There is no option to recover account üòü,3,2,2016-12-05 18:57:00,"Hi Rachel,

Thank you for your feedback.
If the app asks you for a password it means that you have set up a password. When you set up a password you can also set a recovery email address for situations when you don't remember your password.  If you didn't provide an email address we cannot reset your password.

Kind Regards,
PM Team",2024-05-16 19:14:00,7.1.1,en,us,1,2016
7019dc83-4864-4e4d-8066-3d33e2dfbac2,vanessa_23 ,I really loved this app until I had to do a factory reset and everything was lost. It was simple and easy to use.   Really wish it had a backup/restore feature. Now I need to look for a different app and type all my passwords again.  Not taking a chance of losing them so installing an app with backup/restore/sync.,3,2,2016-11-21 15:29:00,"Hi Cindy,

Thank you for your feedback.
We want to let you know that in the upcoming days the backup option will be available. 
We are very sorry for the inconvenience that we have caused.

Kind Regards,
PM Team",2024-05-14 15:37:00,7.1.1,en,us,1,2016
0b454386-5872-40e9-8c2e-78d335429021,walter_hernandez ,It's perfect just looks like a regular email list for sum1 forgetful like myself and its free a beautiful lil app,5,4,2016-11-17 18:36:00,Thank you! We're glad it feels like a simple,2024-12-05 11:22:00,7.1.1,en,us,1,2016
af4a0483-3bfd-4d58-895c-9e7ceaf3ffec,xochitl_perez ,Good App,5,0,2016-10-31 10:46:00,"Thanks so much! Happy to hear it's a good app, very easy to use and understand.",2024-10-05 08:49:00,7.1.1,en,us,1,2016
4c1a3caf-fa85-46ff-8b8f-599613310f48,yamil_lopez ,Awesome app. Very easy to use and understand.,5,2,2016-10-30 01:52:00,"Wow, thank you! ""Awesome app"" means a lot to us ‚Äî appreciate the love!",2024-08-05 06:15:00,7.1.1,en,us,1,2016
13f77ccb-08a8-484b-8cc6-430163d99a6f,zaira_mendoza ,This good app but should have back up feature for the data stored.,4,6,2016-10-29 09:19:00,"Hi Anil,

Thank you for your feedback and for your support.
We want to let you know that in a few days a backup option will be available.
You will receive an update in the upcoming days.

Kind Regards,
PM team",2023-10-31 13:55:00,7.1.1,en,us,1,2016
bacf84c8-f2d3-4fa5-b788-c71f5979b93e,alberto_07 ,üåüüåüüåüüåüüåü,5,1,2016-10-26 06:43:00,"Hi Chrynzton,

We are very happy that you appreciate our app and for your feedback.
The issue has been fixed. An update will be available in a couple of hours.
Logo Options: That's a good suggestion. We will keep this in mind for the next update.

Kind Regards,
PM Team",2023-10-28 13:52:00,7.0.1,en,us,1,2016
9a488445-8e09-48e1-ad3b-d60dd8ea0a9d,carmen_rios ,Sagarkumar,2,0,2016-10-23 06:48:00,"Hi Sagar,

Thank you for your feedback.
Based on your review we understand that you don't like something about this app. Can you please help us understand what was the problem, so we can improve this app.
Thank you for your support.

Kind Regards,
PM Team",2023-10-28 13:49:00,7.0.1,en,us,1,2016
56b529a6-f69d-49f1-b709-0f6494f4428d,daniel_2004 ,Simply amazing,5,0,2016-10-17 16:29:00,Thanks!,2023-10-28 13:46:00,7.0.1,en,us,1,2016
043e420f-517c-4497-a6a4-79c8d42e7910,esther_vargas ,Like it,2,1,2016-10-12 15:58:00,"Hi Zahidul,
We noticed your review in which you mentioned that you like the application but gave a 2 stars review. Did you encounter any issues with the application or maybe you have some suggestions about how we can improve this app?
Kind Regards,
PM Team",2023-10-28 13:43:00,7.0.1,en,us,1,2016
137ab73d-b5f9-4e9c-b872-802eca96a81d,felipe_ortega ,Love it,5,0,2016-10-11 20:26:00,thanks i lof u,2023-10-28 13:40:00,7.0.0,en,us,1,2016
d0384ede-7c87-4781-a5cb-ae2f9a0b7d28,gina_munoz ,Usuful but without any login to restor if the program deleted,3,2,2016-10-09 02:51:00,"Hi Arefeh,

Thank you for your feedback and for trying our app.
We want to let you know that, in a couple of days a backup & restore option will be available, so you can restore/backup your data anytime on any device.
If you have suggestions how we can improve this app, please let us know at support@managerpass.com.

Kind Regards,
PM Team",2023-10-28 13:37:00,7.0.1,en,us,1,2016
a252a68e-dcd3-4dab-80dc-d406a8ecc36c,horacio_99 ,"Very nice, easy to work with, user friendly,  pleasing view",5,0,2016-10-05 08:22:00,ok,2023-10-28 13:34:00,7.0.0,en,us,1,2016
463126f9-a6b4-4931-a5b4-6f814d995fc1,ingrid_castro ,I think it's best apps I will give it 5 stars,5,2,2016-10-02 11:17:00,omg thanks,2023-10-28 13:31:00,7.0.0,en,us,1,2016
cf7889c0-f4d0-4dba-9df8-120cf1a342a8,joaquin_18 ,"unfortunately, if in adding a new account you go to browser to copy the URL, you'll return to this password manager to find your email address and password are lost. The app doesn't keep them. So you've got to remember every detail in one go. I've looked at several other password managers and none had such a good interface as this. Simple, logical.  But the above shortcoming needs to be addressed.",3,2,2016-09-30 11:40:00,"Hi Fyuuredhijgfzre,

Thank you for your kind words. Related to this issue, we believe that the Android system is resetting the app. This happens when you have a lot of apps running in the background. The system tries to allocate memory for the active apps and closes the background apps.
If the issue persist please contact support.

Best Regards",2023-10-28 13:28:00,7.0.0,en,us,1,2016
4603e53f-ab60-4b65-957b-8411fac03586,katalina_lopez ,Very good and user friendly app,4,0,2016-09-24 21:56:00,Thank you! We're thrilled you find it very good and user-friendly,2023-10-28 13:25:00,7.0.0,en,us,1,2016
ac35de02-a5c7-4d9a-9716-4c17d5351736,lorenzo_fer ,It's a little cartoonish for my taste.,2,0,2016-09-22 02:25:00,Thanks for the feedback! Happy it's good overall ‚Äî we appreciate hearing that.,2023-10-28 13:22:00,Unknown,en,us,1,2016
2f55e557-1673-4781-98a7-a712adf29012,magdalena_ ,I like this app. Great app,5,0,2016-09-18 20:12:00,"Thanks! We went for a fun, cartoony style ‚Äî glad you noticed. If it's a bit too much for your taste, we take note for future options.",2023-10-28 13:19:00,4,en,us,1,2016
bbef3543-6ead-48e1-88e6-389007587966,octavio_rdz ,"Simple and cute. I like that we can add a password to protect our info,  too.",4,1,2016-09-17 14:15:00,"Thank you! We're glad you find it simple and cute, and love the extra password protection for your info",2023-10-28 13:13:00,4,en,us,1,2016
b64d3c59-a6bf-44d9-8532-915a919bd5f5,priscila_herrera ,This app doesn't need even a single permission.,5,0,2016-09-16 08:51:00,Thank you! Zero permissions is something we're really proud of,2023-10-28 13:10:00,4,en,us,1,2016
3051daeb-6d7c-4373-a71d-647d388c7646,raul_martin ,This app is simple and visually pleasing. It allows a number of options for filtering apps based on their function and assigning icons to each app for easier identification. The whole app can be protected with a password as well. My only complaint is that the password isn't required every time you open the app as long as the app is still running in the background.,5,1,2016-09-15 10:54:00,"Thanks so much! Simple, visually pleasing, and great filtering/icon options ‚Äî glad you're enjoying those features.",2023-10-27 20:05:00,4,en,us,1,2016
053074b2-cad6-43a4-94c4-0dc4c7bd6d46,susana_96 ,Looks good so far,5,1,2016-09-14 06:30:00,Appreciate it! Simple but effective is exactly what we set out to build.,2023-10-25 17:42:00,4,en,us,1,2016
518e0b64-dcfe-4862-814f-319ac079b68e,tristan_gomez ,Simple but effective,5,0,2016-09-13 20:57:00,Thanks! Happy to hear it's looking good so far ‚Äî more improvements on the way.,2023-10-23 15:19:00,4,en,us,1,2016
5dcd42c0-64a0-4c1c-9d30-0d90845a3705,ursula_21 ,I like the recognizable icons for identifying seperate accounts.,4,0,2016-09-12 22:01:00,Thank you! The recognizable icons make it easier to spot your accounts quickly,2023-10-21 12:58:00,4,en,us,1,2016
ab0b106b-cacb-4e54-9ab8-63cba5d15574,vladimir_lopez ,Colorful and pleasing to the eye.  Very simple to use.  I really appreciate that it doesn't ask for access to anything on your phone.  And there are no ads.  Very happy with this.,5,5,2016-09-10 00:49:00,Thanks a lot! We love that you appreciate the no-access approach and find it colorful and simple to use.,2023-10-19 10:33:00,4,en,us,1,2016
1094d763-3d6a-4d53-9ceb-219627306efe,yesenia_cruz ,Love it,5,1,2016-09-04 05:09:00,"Thank you! ""Awesome"" is the best feedback we can get",2023-10-17 08:07:00,4,en,us,1,2016
b454b56c-6171-49bb-a04b-b878095b83e2,zack_hernandez,Awesome,5,1,2016-09-01 20:45:00,Thanks! We love hearing that you love it!,2023-10-15 05:44:00,Unknown,en,us,1,2016
7a9f2e14-b3c5-4d28-9e1a-6f8d7c2e5b9a ,juanperez_94 ,This app is a complete waste of time. Crashes every 5 minutes and the ads are nonstop. Deleted after one day.,3,0,2016-08-31 06:53:00,Sorry for the crashes. Please share your device info so we can fix it.,2023-05-26 17:51:00,Unknown,en,us,1,2016
f3d8c1a5-6729-4e0f-b812-3a9e6d5c1f7b ,maria_lopez23 ,"Absolute garbage. Paid for premium and still get bombarded with pop-ups. Customer support is a joke, no reply in 2 weeks.",2,0,2016-07-16 13:22:00,We're working on the login issue. Update coming soon.,2023-05-23 14:28:00,Unknown,en,us,1,2016
9e4b7f2d-8c1a-41e6-9d3f-5b6a2c8e0f14 ,carlosgamer15 ,"Used to be decent, now it's just a laggy mess full of bugs. Devs clearly stopped caring.",2,0,2016-07-15 11:47:00,Ads are in the free version. Premium removes them.,2023-05-20 11:03:00,Unknown,en,us,1,2016
c2a5d9e7-3f81-4b6c-a0e2-7d9f1b5c3e8a ,sofia_ramirez7 ,"Don't bother. The interface is confusing, nothing loads properly, and it drains my battery like crazy.",2,0,2016-07-13 09:18:00,Thanks for the feedback. Battery optimizations in progress.,2023-07-01 23:12:00,Unknown,en,us,1,2016
1b8e6f3a-d4c2-47e9-8a1f-5c9d0b7e2f36 ,andres_2001 ,"Worst app I've ever downloaded. Promises so much, delivers nothing. Pure scam vibes.",2,0,2016-11-07 22:41:00,Try clearing cache or reinstalling. Let us know if it continues.,2023-04-01 20:39:00,Unknown,en,us,1,2016
e7f9a2c4-5b1d-4e8a-9c3f-0d6b2a1e7f85 ,laura_mz ,Keeps logging me out randomly and then says my password is wrong even when it's not. So frustrating.,1,0,2016-09-07 19:05:00,Bug fixed in latest update. Please update the app.,2023-01-01 18:16:00,Unknown,en,us,1,2016
4d3c8a1f-6e9b-42d7-a5f1-8c0e3b9d6a27 ,diego_hernandez98 ,"Full of fake reviews probably. The actual app is slow, ugly, and basically unusable on my phone.",1,0,2016-07-07 17:33:00,Pro features still expanding. More coming soon!,2022-12-29 15:44:00,Unknown,en,us,1,2016
a1f5d7e2-c8b9-4a3e-9f0d-2b6c1e4a8d73 ,valeriaaa_18 ,I regret every second I spent trying to make this work. Crashes on every important action.,1,0,2016-05-07 14:12:00,UI improvements planned for next update.,2022-12-26 13:21:00,Unknown,en,us,1,2016
6b9e2c4f-d1a7-48e3-b5f9-0c3a7e2d1f68 ,pedro_rivera09 ,"They keep pushing updates that make it worse. Used to like it, now it's trash.",1,0,2016-03-07 10:58:00,Try Google/Apple sign-in for login issues.,2022-12-23 10:58:00,Unknown,en,us,1,2016
8c4a1e9d-f7b2-43c6-a0e8-5d9f3b1c2e7a ,ana_belen05 ,"Terrible design, terrible performance, terrible everything. Avoid at all costs.",2,0,2016-01-07 08:27:00,Sorry it didn't meet expectations. We're improving.,2022-12-20 08:35:00,Unknown,en,us,1,2016
2e7f5d1a-c9b3-4e8f-a1d6-3b0c9e7f2a54 ,mateo_ortiz22 ,Paid $9.99 for pro features and they're basically the same as free version. Total rip-off.,2,0,2016-06-29 23:19:00,Notifications fixed in version 2.1.,2022-12-17 06:02:00,Unknown,en,us,1,2016
d9a3c6e1-5f2b-41d8-9e7a-0c4b8f3d1e69 ,camila_v_ ,"Constant errors, can't even finish setting it up. Uninstalled in under 3 minutes.",1,0,2016-06-27 20:44:00,Premium is ad-free. Thanks for understanding.,2022-12-14 03:49:00,Unknown,en,us,1,2016
5f1b8d4e-a3c7-49e2-b6f0-8d2a1c9e7f3b ,ricardo_mora ,This thing is so buggy it's embarrassing. Feels like it was made by interns.,2,0,2016-06-25 18:09:00,Issue resolved in v1.4.3 ‚Äî update now.,2022-11-12 01:27:00,Unknown,en,us,1,2016
b7e2f9c4-1d8a-4c3e-a5f9-6b0d7e2c1a48 ,isabella99 ,"Ads every 10 seconds, even after paying. Greedy and disrespectful to users.",1,0,2016-06-23 15:36:00,Email us at support@appname.com with details.,2022-08-12 23:14:00,Unknown,en,us,1,2016
3a9d6c2f-e4b1-47d9-8f3a-1c5e0b9d7f26 ,jorge_lpz ,Broken since the last update. Can't open half the features. Devs are clueless.,2,0,2016-06-21 12:51:00,Freezing fix coming in next patch.,2018-11-28 08:33:00,Unknown,en,us,1,2016
f1c8a5e3-9d2b-4a7f-b0e6-5c3f1d8a9e74 ,daniela_2705 ,Looks like it hasn't been updated since 2018. Outdated and slow as hell.,2,0,2016-06-19 07:14:00,Search improved in latest version.,2018-11-26 07:09:00,Unknown,en,us,1,2016
0d4e9b7a-c6f2-43a1-9e8d-2b7c5f0a1e39 ,santiago_cr ,I hate this app so much. It ruined my mood every time I tried to use it.,2,0,2016-06-17 04:38:00,Refund issued. Sorry for the confusion.,2018-11-24 05:41:00,Unknown,en,us,1,2016
6a2f8d1c-e5b9-48c3-a1f7-9d0e4b3c2f85 ,emilia_rios ,"Literally zero customer service. Send emails, get ignored. Classic.",3,0,2016-06-15 21:22:00,UI refresh in development.,2018-12-09 23:58:00,Unknown,en,us,1,2016
c5b1e9f4-7a3d-42e6-8c0f-3a9d6e1b7f52 ,gabriel_2003 ,"The notifications are broken, the search is useless, the whole thing is a disaster.",1,0,2016-06-13 19:47:00,Investigating load issues on older devices.,2018-10-09 22:19:00,Unknown,en,us,1,2016
9f3d7a2e-b1c8-4e5f-a9d3-0c6b2f8e1a47 ,lucia_mendez ,Downloaded because of the hype. Biggest disappointment of the year.,3,0,2016-11-06 16:03:00,All reviews are real. Speed improvements underway.,2018-08-09 20:47:00,Unknown,en,us,1,2016
4e8c2f1d-a9e6-47b3-9f0a-5d1c7e3b8a26 ,alejandro_87 ,Forces you to watch ads to do basic things. Feels like punishment.,3,0,2016-09-06 13:29:00,Full redesign coming soon.,2024-05-19 18:22:00,Unknown,en,us,1,2016
1a7d5e9c-f3b2-4c8a-e0f6-9b3d1c6a7f84 ,mariana_vzla ,Keeps freezing my phone. Had to force restart twice already. Deleting now.,2,0,2016-07-06 10:55:00,Forwarded your support feedback to the team.,2024-05-17 13:59:00,Unknown,en,us,1,2016
e2f9c6a3-8d1e-41b7-9c5f-0a4e3d7b2f61 ,nicolas_fer ,The UI is so bad it hurts to look at. Who approved this?,2,0,2016-05-06 08:41:00,Try restarting device or checking connection.,2024-05-15 09:41:00,Unknown,en,us,1,2016
7b4e1d9a-c2f8-48e3-a6b9-5c0f2e1d8a37 ,victoria_lopez ,"Promised free trial, then charged me anyway. Shady practices.",2,0,2016-03-06 06:17:00,Battery optimizations in progress.,2024-05-13 07:18:00,Unknown,en,us,1,2016
d6a3f8e2-9c4b-43d1-8e7a-1f5b0c9d3e72 ,sebastian_12 ,Can't believe this is still on the store. It's practically unusable.,2,0,2016-01-06 23:08:00,Sorry for the bad experience. We'll improve.,2023-10-30 13:58:00,Unknown,en,us,1,2016
3c9e7b1f-a5d2-4e8c-b0f1-6a4d2e9c7b58 ,paola_gomez98 ,Every time I try to log in it fails. Gave up after the 8th try.,1,0,2016-05-30 20:34:00,Freezing fixed in v1.5 ‚Äî update please.,2023-10-28 13:57:00,Unknown,en,us,1,2016
f8d2c5a7-e1b9-47a3-9f8d-0c3e6b1a5f29 ,fernando_31 ,"Overhyped trash. All flash, no substance. Waste of storage space.",3,0,2016-05-28 17:59:00,Noted your points for future updates.,2023-10-28 13:54:00,Unknown,en,us,1,2016
5e1a9f3c-d7b2-42e6-a1c8-9d4f0b7e3a64 ,valentin_05 ,"Honestly, just uninstalling and moving on. This app deserves 1 star and nothing else.",2,0,2016-05-26 15:22:00,Thanks for the review. Improvements on the way.,2023-10-28 13:51:00,Unknown,en,us,1,2016
a4f7d2e9-8c1a-4b3f-9e6d-2b0c5a8f1e73 ,carolinaaa_ ,"It's okay. Does what it says, but nothing special. Works fine most of the time.",3,0,2016-05-24 12:46:00,Thanks for the feedback! Glad it works most of the time. We're always looking to make it even better.,2023-10-28 13:48:00,Unknown,en,us,1,2016
2b8e6c4d-f9a1-47c3-b5e0-1d9f3c6a8b45 ,david_rdz ,"Average app. Some features are useful, others feel a bit slow. Not bad, not great.",4,0,2016-05-22 10:13:00,Appreciate the honest review. We're working on speeding up some sections ‚Äî thanks for pointing it out.,2023-10-28 13:45:00,Unknown,en,us,1,2016
9c3a1f7e-d2b8-4e5a-a0f9-6b7d2e1c4f86 ,renata_2000 ,Decent for basic use. I use it occasionally and it gets the job done.,5,0,2016-05-20 07:39:00,Thanks for using the app! Good to know it gets the job done for your needs.,2023-10-28 13:42:00,Unknown,en,us,1,2016
6f5d9b2a-c8e3-41f7-9c4a-0e3b8d1f6a27 ,matias_96 ,"The app is functional. Had a couple of small glitches, but overall it's usable.",3,0,2016-05-18 05:04:00,Thank you. We'll keep an eye on those minor glitches and improve stability in future updates.,2023-10-28 13:39:00,Unknown,en,us,1,2016
e1c7a4f9-b3d2-48e6-a9f1-5c0b7e2d3a81 ,jimena_cruz ,"Nothing to complain about, but also nothing wow. Just a standard tool.",3,0,2016-05-16 02:51:00,Thanks for the review. We aim to keep things simple and reliable ‚Äî glad it's meeting expectations.,2023-10-28 13:36:00,Unknown,en,us,1,2016
4a9e2d1c-f7b8-43c5-8e0f-1d6a9c3b7f52 ,tomas_herrera ,"It works as expected. Interface is simple, which is fine for me.",3,0,2016-05-14 23:27:00,Glad the simple interface works for you. Thanks for the feedback!,2023-10-28 13:33:00,Unknown,en,us,1,2016
b2f8e6d3-a1c9-4e7a-9f5b-0c4d3e1a8b69 ,alondra_m_ ,"Not the best I've tried, but it does the basics without too many issues.",3,0,2016-12-05 21:18:00,Appreciate it. We're constantly tweaking things to make the experience smoother.,2023-10-28 13:30:00,Unknown,en,us,1,2016
8d3c7a1f-e5b2-42d9-a6f0-9e1b5c3d7a34 ,benjamin_18 ,Okay experience so far. Loads reasonably fast and doesn't crash often.,4,0,2016-10-05 18:55:00,Thanks for letting us know. Performance is a priority ‚Äî more optimizations coming.,2023-10-28 13:27:00,Unknown,en,us,1,2016
1f6a9e4c-d8c3-47b1-9e8d-3a0f2b7c5e81 ,catalina_vidal ,"Middling app. Some parts are convenient, others could be improved.",1,0,2016-08-05 16:32:00,Thank you for the balanced take. Your input helps us decide what to improve next.,2023-10-26 16:50:00,Unknown,en,us,1,2016
d7e2c5a9-f1b8-4a3e-8c9f-6b4d1e0a7f26 ,ignacio_lopez ,"It's alright. I keep it installed, but I don't use it every day.",3,0,2016-06-05 14:09:00,Nice to hear you keep it installed. We'll keep working to make it more useful day-to-day.,2023-10-24 14:27:00,Unknown,en,us,1,2016
5b9f3d2e-c7a1-48e4-a0b9-2c5e8d1f6a73 ,melany_23 ,"Does the job for what I need. No major problems, no major praise.",3,0,2016-04-05 11:44:00,Thanks for the review! Happy it handles the basics without issues for you.,2023-10-22 11:04:00,Unknown,en,us,1,2016
a8c4e1f7-d9b2-43a6-9f0e-1d7b3c5a8e49 ,cristian_94 ,"Pretty standard. Nothing stands out, but it hasn't let me down yet.",3,0,2016-02-05 09:21:00,"Appreciate the feedback. We‚Äôre focused on steady improvements ‚Äî nothing flashy, just reliable.",2023-05-25 16:33:00,Unknown,en,us,1,2016
3e7d2a9c-f6b1-4c8e-a5f3-0b9c6e1d7a58 ,valery_ortega ,"Functional enough. A few minor bugs here and there, but manageable.",4,0,2016-04-30 06:58:00,Thank you. Those minor bugs are on our radar for the next patch.,2023-05-01 21:41:00,Unknown,en,us,1,2016
f4a1c8e6-b3d9-47e2-9c0a-5d2f8b1e3c67 ,oscar_mtz ,"Neutral feelings. It's there when I need it, and that's about it.",2,0,2016-04-28 04:13:00,Thanks for sharing your thoughts. We value users who stick around and give honest input.,2022-12-28 17:08:00,Unknown,en,us,1,2016
9d6b3f1a-e2c7-41d9-8f4b-0a7e5c2d9f81 ,nayeli_07 ,"Not terrible, not amazing. Just an ordinary app in its category.",3,0,2016-04-26 01:47:00,Glad it's acceptable for you. We're always refining based on feedback like this.,2018-11-27 09:55:00,Unknown,en,us,1,2016
2c8e5d9f-a1b3-48c7-b9e0-6f3a1d7c4e26 ,rafael_2002 ,"Works without drama. Could be smoother, but it's acceptable.",3,0,2016-04-24 23:19:00,Thanks! We're working on making everything run a bit smoother ‚Äî stay tuned.,2018-09-09 21:36:00,Unknown,en,us,1,2016
e9f3a7c2-d8e1-4b5a-9c0f-1d4b8e2a7f53 ,karla_ferreira ,Fairly average. I use it from time to time and it serves its purpose.,3,0,2016-04-22 20:41:00,Appreciate the neutral review. It serves its purpose for many ‚Äî thanks for keeping it installed.,2018-07-09 19:12:00,Unknown,en,us,1,2016
